SN,Movie,Worldwide,India Net,India Gross,Overseas,Budget,Verdict
1,Pushpa: The Rule - Part 2,1742.1,812.14,1471.1,271,400,All Time Blockbuster
2,Stree 2,857.15,597.99,713.15,144,100,All Time Blockbuster
3,Chhaava,807.91,585.7,716.91,91,130,All Time Blockbuster
4,Jawan,1160,582.31,760,400,300,All Time Blockbuster
5,Gadar 2,686,525.7,620.5,65.5,75,All Time Blockbuster
6,Pathaan,1055,524.53,657.5,397.5,250,All Time Blockbuster
7,Baahubali 2 The Conclusion,1788.06,510.99,1416.9,371.16,250,All Time Blockbuster
8,Animal,915,502.98,660,255,200,All Time Blockbuster
9,KGF Chapter 2,1215,435.33,1000.85,214.15,100,All Time Blockbuster
10,Dangal,2070.3,374.43,535,1535.3,70,All Time Blockbuster
11,Sanju,588.5,342.57,438.5,150,100,All Time Blockbuster
12,PK,792,340.8,489,303,85,All Time Blockbuster
13,Tiger Zinda Hai,558,339.16,433.77,124.23,210,Blockbuster
14,Saiyaara,570.23,329.63,398.73,171.5,60,Blockbuster
15,Bajrangi Bhaijaan,921.93,320.34,432.46,489.47,90,All Time Blockbuster
16,War,471,303.34,375,96,150,Blockbuster
17,Padmaavat,585,302.15,400,185,215,Blockbuster
18,Sultan,627.82,300.45,421.25,206.57,80,Blockbuster
19,Kalki 2898 AD,1042.25,293.13,767.25,275,600,Blockbuster
20,Kabir Singh,377,278.8,330,47,55,All Time Blockbuster
21,Tanhaji: The Unsung Warrior,361,277.75,325,36,150,Blockbuster
22,Tiger 3,464,276.62,339.5,124.5,300,Hit
23,RRR,1230,272.78,915.85,314.15,550,Blockbuster
24,Dhoom 3,558,271.07,372,186,175,All Time Blockbuster
25,Bhool Bhulaiyaa 3,389.35,260.11,311.35,78,150,SuperHit
26,The Kashmir Files,341,252.25,295,46,20,All Time Blockbuster
27,Singham Again,372.41,247.86,297.41,75,325,Average
28,Brahmastra Part One: Shiva,431,247.37,315.5,115.5,350,Hit
29,URI The Surgical Strike,341.75,244.14,293.75,48,70,All Time Blockbuster
30,Simmba,390,240.3,295,95,90,Blockbuster
31,Drishyam 2,342.31,239.67,282.81,59.5,50,Blockbuster
32,The Kerala Story,302,239.05,286.5,15.5,15,All Time Blockbuster
33,Kick,378,231.85,310,68,100,SuperHit
34,Krrish 3,374,231.79,313,61,94,Blockbuster
35,Chennai Express,422,227.13,310,112,115,Blockbuster
36,Dunki,454,227,272,182,120,Hit
37,Fighter,358.89,212.79,254.89,104,250,Hit
38,Bharat,321,212.03,251,70,165,Hit
39,Housefull 4,296,210.3,247,49,175,SuperHit
40,Prem Ratan Dhan Payo,405.85,210.16,310,95.85,180,SuperHit
41,Golmaal Again,308.62,205.69,262.88,45.74,80,Blockbuster
42,Good Newwz,316,205.09,242,74,60,Blockbuster
43,Mission Mangal,291,203.08,239,52,40,Blockbuster
44,3 Idiots,350,202.47,274,76,55,All Time Blockbuster
45,Happy New Year,397,199.95,295,102,150,SuperHit
46,Ek Tha Tiger,320,198.78,263,57,75,Blockbuster
47,Sooryavanshi,293,195.55,230.8,62.2,180,Hit
48,2,691,190.48,519,172,543,Average
49,Yeh Jawaani Hai Deewani,318,188.57,242,76,75,Blockbuster
50,Mahavatar Narsimha,325.93,187.76,297.93,28,1,Blockbuster
51,Bhool Bhulaiyaa 2,265.5,184.32,216.5,49,80,Blockbuster
52,Bajirao Mastani,357,184.3,256,101,145,Hit
53,Housefull 5,288.67,183.38,218.42,70.25,250,Average
54,War 2,364.35,177.59,282.6,81.75,400,None
55,Bang Bang!,340,174.51,270,70,160,Hit
56,Raid 2,237.46,173.44,206.46,31,120,Hit
57,Race 3,300,169.5,217,83,170,Average
58,Sitaare Zameen Par,267.52,166.19,200.77,66.75,120,Hit
59,Baaghi 2,257,165.5,211.84,45.16,75,Blockbuster
60,Raees,285,164.63,227.18,57.82,92,Hit
61,Kesari,208.8,155.7,183.8,25,100,Hit
62,Total Dhamaal,232.18,155.67,183.68,48.5,105,SuperHit
63,Dabangg 2,265,155,226,39,84,Blockbuster
64,Rocky Aur Rani Ki Prem Kahani,357.5,153.55,182.5,175,170,Hit
65,Chhichhore,211,153.16,180,31,70,Blockbuster
66,Salaar: Cease Fire - Part 1,617.75,152.65,487.75,130,200,Hit
67,OMG 2,221.75,151.16,178.75,43,70,SuperHit
68,Tanu Weds Manu Returns,258,150.71,214,44,39,Blockbuster
69,Bodyguard,230,148.52,189,41,60,Blockbuster
70,Dilwale,388,148.42,212,176,165,Average
71,Shaitaan,213.79,148.21,176.29,37.5,60,SuperHit
72,Adipurush,393,147.92,343,50,500,Flop
73,Super 30,210,147.39,171,39,60,SuperHit
74,Tu Jhoothi Main Makkar,223,147.28,175,48,70,Hit
75,Dabangg 3,218,146.23,178,40,90,Average
76,Saaho,451,145.67,359,92,350,Below Average
77,Thugs Of Hindostan,327.51,145.55,194,133.51,300,Disaster
78,Dream Girl,195,141.3,163,32,30,SuperHit
79,Singham Returns,216.56,140.6,200,16.56,105,SuperHit
80,Dabangg,215,140.22,207.8,7.2,42,Blockbuster
81,Gully Boy,235.7,139.63,164.7,71,60,SuperHit
82,Judwaa 2,227.51,138.55,192.43,35.08,65,SuperHit
83,Badhaai Ho,220,137.31,176,44,23,Blockbuster
84,Toilet Ek Prem Katha,316.97,134.42,186.42,130.55,18,SuperHit
85,Rowdy Rathore,198,133.25,172,26,45,Blockbuster
86,M.S. Dhoni: The Untold Story,215.5,133.09,184.68,30.82,104,Hit
87,Gangubai Kathiawadi,211.5,131.9,155.5,56,180,Hit
88,Stree,182,129.83,167,15,30,Blockbuster
89,Airlift,228,128.1,183,45,30,SuperHit
90,Avatar: The Way of Water,17380,127.77,477.5,16902.5,3200,Blockbuster
91,Rustom,216.35,127.49,177.07,39.28,50,SuperHit
92,Raazi,195,123.74,158,37,37,Blockbuster
93,Ready,185.1,120.9,153.2,31.9,40,Blockbuster
94,Jab Tak Hai Jaan,235.7,120.87,167.8,67.9,50,SuperHit
95,Tubelight,211.25,119.26,165.64,45.61,100,Average
96,Baahubali,650,118.5,516,134,180,Blockbuster
97,Agneepath,195.73,118.2,159.57,36.16,71,SuperHit
98,Badrinath Ki Dulhania,201.07,117.89,162.17,38.9,44,SuperHit
99,Goliyon Ki Rasleela Ram-Leela,218.07,117.53,158.57,59.5,88,Hit
100,Jai Ho,186.37,117.2,150.02,36.35,65,Hit
101,Jolly LLB 2,197.33,117,162.5,34.83,30,SuperHit
102,Avengers End Game,18970,116.47,445,13335,2500,All Time Blockbuster
103,Bala,162,116.38,135,27,35,SuperHit
104,Ra.One,206.73,116.2,156.87,49.86,130,Below Average
105,Ghajini,194.1,114,157.85,36.25,52,Blockbuster
106,Sky Force,150.01,113.62,135.51,14.5,125,Average
107,Ae Dil Hai Mushkil,240.72,113.19,158.47,82.25,70,SuperHit
108,Holiday,178.4,112.53,153.43,24.97,50,SuperHit
109,Barfi!,175,112.1,145,30,40,SuperHit
110,Housefull 2,188.4,112,151.6,36.8,72,SuperHit
111,Kisi Ka Bhai Kisi Ki Jaan,184.6,110.94,132,52.6,100,Below Average
112,Sikandar,184.89,110.36,130.89,54,200,Flop
113,Housefull 3,185.7,110.2,154.2,31.5,85,Hit
114,Gold,158,109.58,141,17,75,Hit
115,Sonu Ke Titu Ki Sweety,156.46,108.95,139.46,17,40,Blockbuster
116,Bhaag Milkha Bhaag,168,108.8,146.88,21.12,30,SuperHit
117,Don 2: The Chase Continues,210.35,108.51,144.73,65.62,76,Hit
118,Dream Girl 2,142.2,106.71,126,16.2,60,Hit
119,Golmaal 3,162.3,106.64,143.97,18.33,40,Blockbuster
120,Pushpa: The Rise (Part 1),350.1,106.35,313.8,36.3,150,SuperHit
121,ABCD 2,166,106.12,146.62,19.38,65,SuperHit
122,Ek Villain,155,105.76,142.77,12.23,39,SuperHit
123,Son Of Sardaar,150,105.1,141.89,8.11,40,SuperHit
124,Kaabil,178.1,104.34,145.8,32.3,35,Hit
125,De De Pyaar De,143.9,104.13,122.9,21,75,Hit
126,83,193,104.13,129,64,220,Disaster
127,Bol Bachchan,175,103.12,144.37,30.63,65,Hit
128,Raid,154.19,103.07,132.14,22.05,35,SuperHit
129,Munjya,126.04,102.54,121.04,5,30,SuperHit
130,2 States,173.1,102.33,142.23,30.87,50,SuperHit
131,Grand Masti,145,102.21,130.62,14.38,35,SuperHit
132,Race 2,162,101.45,131.88,30.12,85,Hit
133,Singham,151.27,100.5,130.65,20.62,52,SuperHit
134,Shivaay,147.29,100.45,138.55,8.74,100,Below Average
135,Batla House,127,99.24,116,11,50,Hit
136,Zero,178,96.61,120.8,57.2,200,Disaster
137,Welcome Back,168.7,96.55,130.34,38.36,90,Average
138,Baaghi 3,137,96.5,114,23,100,Below Average
139,Fukrey 3,127.75,95.95,113.25,14.5,1,Hit
140,Baby,142.98,95.57,129.02,13.96,59,Hit
141,Manikarnika: The Queen of Jhansi,142,94.37,116.6,25.4,101,Average
142,Luka Chuppi,128,94.09,111,17,20,SuperHit
143,Sam Bahadur,130.3,93.95,111.8,18.5,1,Hit
144,Raajneeti,145.5,93.67,126.45,19.05,60,SuperHit
145,Talaash,175,93.61,121.75,53.25,60,Hit
146,Kesari Chapter 2,145,92.59,110.75,34.25,1,Average
147,Satyameva Jayate,121,90.39,116,5,45,Hit
148,Bholaa,123,90.31,108,15,100,Average
149,Singh Is Bliing,146,90.05,120,26,76,Average
150,Zindagi Na Milegi Dobara,153.1,89.98,121.47,31.63,55,Hit
151,Jaat,118.85,88.72,104.85,14,1,Average
152,Badla,140.47,88.53,104.47,36,20,SuperHit
153,Zara Hatke Zara Bachke,116,88.35,104.7,11.3,1,SuperHit
154,Gabbar is Back,135.5,87.54,118.17,17.33,72,Hit
155,Rab Ne Bana Di Jodi,151.6,85.49,114.97,36.63,35,Blockbuster
156,JugJugg Jeeyo,139.5,85.41,101.2,38.3,100,Average
157,Teri Baaton Mein Aisa Uljha Jiya,139,85.16,101.25,37.75,1,Hit
158,Kantara,407.82,84.77,363.82,44,16,All Time Blockbuster
159,Kalank,146.8,84.6,99.8,47,150,Flop
160,Pati Patni Aur Woh,109,84.56,99,10,40,Hit
161,Fan,182.3,84.1,113.26,69.04,85,Average
162,My Name Is Khan,224.4,82.78,111.75,112.65,85,Hit
163,Brothers,140,82.49,114.5,25.5,105,Average
164,Crew,151.63,81.95,96.63,55,1,None
165,Padman,205.84,81.74,105,100.84,20,SuperHit
166,Oh My God,149.9,81.47,109.9,40,20,Blockbuster
167,Veere Di Wedding,140,81.39,105,35,30,SuperHit
168,Sairat,110,80.98,104,6,4,All Time Blockbuster
169,Dhoom 2,147.9,80.91,109.22,38.68,35,Blockbuster
170,Fukrey Returns,112.3,80.16,108.21,4.09,22,SuperHit
171,The Dirty Picture,116.55,79.75,107.66,8.89,28,SuperHit
172,Piku,141.3,79.42,107.22,34.08,40,Hit
173,Sui Dhaaga - Made In India,124.6,79.07,100.6,24,40,Hit
174,Vikram Vedha,135.44,78.9,93.1,42.34,150,Below Average
175,Gunday,130.9,78.61,106.12,24.78,51,Hit
176,Om Shanti Om,148.2,78.25,105.63,42.57,38,Blockbuster
177,Article 370,105.15,78.12,92.65,12.5,1,SuperHit
178,Baadshaho,123.5,78.1,108.47,15.03,85,Flop
179,Aashiqui 2,109.07,78.1,105.44,3.63,15,Blockbuster
180,Satyaprem Ki Katha,118.5,77.04,92.5,26,1,Hit
181,Dil Dhadakne Do,150.05,76.81,106.7,43.35,83,Below Average
182,Humpty Sharma Ki Dulhania,119.6,76.81,106.7,12.9,33,Hit
183,Gadar: Ek Prem Katha,132.6,76.65,127.2,5.4,18,All Time Blockbuster
184,Baaghi,125.9,76.1,102.74,23.16,37,Hit
185,Housefull,119,75.65,102.13,16.87,45,SuperHit
186,Neerja,120.35,75.52,101.95,18.4,25,SuperHit
187,Lage Raho Munna Bhai,124.98,74.65,100.78,24.2,22,Blockbuster
188,Ram Setu,96.74,74.63,89.24,7.5,150,Below Average
189,Andhadhun,442.72,74.32,95.1,347.62,17,SuperHit
190,Dhadak,113,74.19,95,18,30,Hit
191,Street Dancer 3D,102,73.97,87,15,100,Below Average
192,Kapoor & Sons,143.4,73.22,98.86,44.54,35,Hit
193,Bhool Chuk Maaf,88.95,72.73,85.65,3.3,1,None
194,Hum Aapke Hain Koun..!,128,72.48,117,11,6,All Time Blockbuster
195,Entertainment,104,72.03,97.24,6.76,80,Flop
196,Krrish,121.7,71.98,100.77,20.93,35,Blockbuster
197,Cocktail,121.78,71.24,96.17,25.61,45,Hit
198,Student Of The Year 2,95.5,70.86,84.5,11,75,Below Average
199,Khiladi 786,97.05,70.71,94.58,2.47,35,SuperHit
200,Welcome,119.5,70.13,94.7,24.8,48,SuperHit
201,Dishoom,119.6,70.03,94.54,25.06,55,Average
202,Student Of The Year,96,70,92,4,59,Hit
203,Raaz 3,99.1,69.73,94.16,4.94,28,SuperHit
204,Hindi Medium,334.06,69.59,96.65,237.41,23,SuperHit
205,Bhediya,94.91,68.67,81.41,13.5,60,Average
206,Kedarnath,96,68.57,85,11,50,Hit
207,Dear Zindagi,136.12,68.45,92.41,43.71,30,Hit
208,Samrat Prithviraj,90.55,68.14,80.55,10,220,Disaster
209,Singh Is Kinng,122.7,67.92,94.33,28.37,50,SuperHit
210,Chak De India,109.2,67.72,91.42,17.78,20,SuperHit
211,Tamasha,136.6,67.3,87.49,49.11,87,Flop
212,Drishyam,110.4,67.14,90.63,19.77,48,Hit
213,Special 26,103.04,66.86,90.26,12.78,45,Hit
214,Love Aaj Kal,117.27,66.25,86.12,31.15,50,Hit
215,Article 15,94,66,79,15,25,SuperHit
216,R... Rajkumar,100.2,65.95,88.9,11.3,56,Average
217,Parmanu The Story Of Pokhran,91,65.46,84,7,45,Hit
218,Pink,104.3,65.42,88.31,15.99,23,Hit
219,Bade Miyan Chote Miyan,111.5,65.32,78.5,33,1,None
220,Bad Newz,113.77,64.53,76.77,37,1,Hit
221,Jab Harry Met Sejal,111.04,64.26,89.25,21.79,1,None
222,Pyaar Ka Punchnama 2,88.2,64.21,86.68,1.52,22,SuperHit
223,Ajab Prem Ki Ghazab Kahani,101,64.2,83,18,25,SuperHit
224,Satyagraha,91.05,63.75,86.06,4.99,60,Average
225,Humshakals,103.4,63.57,85.82,17.58,64,Below Average
226,Chandu Champion,89.24,63.57,75.49,13.75,1,None
227,Secret Superstar,912.75,63.4,81.28,831.47,15,SuperHit
228,Taare Zameen Par,98.5,62.95,83.5,15,12,SuperHit
229,Devara - Part 1,422.11,62.12,345.61,76.5,1,None
230,Shubh Mangal Zyada Saavdhan,83,62.05,73,10,35,Average
231,Rockstar,108.71,61.95,83.71,25,60,Average
232,Laal Singh Chaddha,133.5,61.12,72.5,61,180,Disaster
233,Once Upon Ay Time In Mumbai Dobaara!,91.7,61.09,82.47,9.23,75,Flop
234,Tees Maar Khan,100.01,60.96,82.29,17.72,35,Hit
235,Queen,93.05,60.83,82.12,10.93,20,SuperHit
236,Wanted,87.44,60.65,81.87,5.57,50,Hit
237,Race,103.73,60.64,84.89,18.84,45,Hit
238,Udta Punjab,97.05,60.33,83.8,13.25,47,Hit
239,Half Girlfriend,97.7,60.29,81.36,16.34,58,Average
240,Befikre,99.4,60.23,83.7,15.7,64,Below Average
241,Raanjhanaa,93.97,60.22,81.3,12.67,30,Hit
242,Partner,99.66,60.04,83.42,16.24,28,SuperHit
243,Besharam,95.1,59.87,80.83,14.27,83,Flop
244,Malang,80,59.84,70,10,50,Above Average
245,Shootout at Wadala,83.7,58.65,79.18,4.52,45,Above Average
246,Mere Brother Ki Dulhan,94.1,58.4,78.84,15.26,28,Hit
247,Mohenjo Daro,107.9,58.23,78.61,29.29,120,Flop
248,Action Jackson,88.8,57.78,78.01,10.79,80,Flop
249,Mary Kom,91.33,56.3,76.05,15.28,30,Hit
250,12th Fail,70.05,56.24,66.55,3.5,1,SuperHit
251,Haider,79.2,55.93,75.51,3.69,45,Above Average
252,Jodhaa Akbar,106.68,55.91,75.48,31.2,45,Above Average
253,Mubarakan,93.24,55.48,76.88,16.36,63,Flop
254,Once Upon a Time in Mumbaai,85.2,55.46,74.87,10.33,36,Hit
255,Jaane Tu... Ya Jaane Na,82.1,55.36,74.73,7.37,15,SuperHit
256,Yamla Pagla Deewana,88.55,55.12,74.41,14.14,28,Hit
257,Kabhi Khushi Kabhie Gham,119.29,54.86,77.29,42,40,Blockbuster
258,Boss,84.83,54.33,73.34,11.49,70,Flop
259,Phantom,84.4,54.24,73.22,11.18,70,Flop
260,Jagga Jasoos,83.35,54.16,75.22,8.13,125,Flop
261,Maidaan,71.72,53.54,63.97,7.75,1,None
262,Metro... In Dino,69.68,53.37,63.68,6,1,None
263,Dilwale Dulhania Le Jayenge,102.5,53.32,89,13.5,4,All Time Blockbuster
264,Fast X,5800,53.11,131.7,4600,1,Hit
265,Rang De Basanti,96.9,52.91,74.07,22.83,28,Hit
266,Baaghi 4,77,52.77,62.2,14.8,1,None
267,Heropanti,75.9,52.7,71.14,4.76,25,Hit
268,Spider-Man: No Way Home,15700,52.52,271,9010,1500,SuperHit
269,Hanuman,295.29,52.29,238.29,57,1,Blockbuster
270,Ki & Ka,99.25,52.24,70.52,28.73,30,Hit
271,102 Not Out,115.68,52.15,67,48.68,34,Hit
272,Fanaa,102.86,51.89,70.05,32.81,30,SuperHit
273,Deadpool & Wolverine,11180,51.75,169.25,5880,1,SuperHit
274,Hate Story 3,75.1,51.73,69.82,5.28,20,Hit
275,Delhi Belly,87.6,51.7,69.8,17.8,23,Hit
276,Kahaani,79.2,51.3,69.26,9.94,15,Hit
277,Golmaal Returns,82.04,51.15,69.05,12.99,35,SuperHit
278,Param Sundari,84.09,51.13,61.09,23,1,None
279,Bachchhan Paandey,74.2,51.04,60.2,14,165,Disaster
280,Main Tera Hero,77.25,50.91,68.7,8.55,40,Hit
281,Sachin A Billion Dreams,70.87,50.89,65.15,5.72,39,Average
282,Sachin: A Billion Dreams,70.87,50.89,65.15,5.72,39,Average
283,Mufasa: The Lion King,5725,50.62,177,3705,1,SuperHit
284,Don: The Chase Begins Again,104.64,50.16,67.72,36.92,35,Hit
285,Badlapur,78.9,50.09,67.62,11.28,20,Hit
286,Kis Kisko Pyaar Karoon,72.25,49.98,67.47,4.78,18,Hit
287,Kai Po Che!,74,49.25,66.49,7.51,30,Hit
288,Bhool Bhulaiyaa,82.35,49.11,68.2,14.15,32,SuperHit
289,Kites,87.46,49.09,66.27,21.19,65,Flop
290,Raksha Bandhan,68.38,48.63,57.38,11,70,Below Average
291,De Dana Dan,81.9,48.08,64.9,17,60,Average
292,Srikanth,60.59,48.07,57.09,3.5,1,None
293,Marjaavaan,62,48.04,55.5,6.5,50,Average
294,Murder 2,67.59,47.65,64.33,3.26,13,SuperHit
295,Himmatwala,65.8,47.45,64.05,1.75,68,Flop
296,Mardaani 2,67,47.35,57,10,30,Hit
297,Heyy Babyy,83.9,47.15,63.65,20.25,30,Hit
298,Kambakkht Ishq,85.55,47.06,63.53,22.02,50,Average
299,Son of Sardaar 2,66.01,47.03,56.26,9.75,1,Disaster
300,Koi... Mil Gaya,80.29,46.96,70.43,9.86,28,SuperHit
301,Kuch Kuch Hota Hai,91.09,46.88,63.29,27.8,14,All Time Blockbuster
302,Ragini MMS 2,62.54,46.78,61.74,0.8,18,Hit
303,Thank You,72.05,46.56,62.85,9.2,60,Flop
304,Shuddh Desi Romance,75.2,46.45,62.7,12.5,25,Hit
305,Hichki,236.48,45.82,59,177.48,20,Hit
306,October,67.5,45.6,59,8.5,40,Hit
307,Veer,65.55,45.56,61.5,4.05,55,Below Average
308,Ishaqzaade,61.28,45.39,61.28,0,16,Hit
309,Guru,82.4,45.29,61.14,21.26,22,Hit
310,New York,75.1,45.22,58.78,16.32,22,SuperHit
311,Kyaa Super Kool Hai Hum,64.57,44.92,60.64,3.93,19,Hit
312,Kabhi Alvida Naa Kehna,111.2,44.65,60.28,50.92,45,Average
313,No Entry,73.02,44.57,62.4,10.62,22,SuperHit
314,Roy,56.05,44.56,52.58,3.47,50,Flop
315,KGF: Chapter 1,237.75,44.42,227.75,10,80,Blockbuster
316,ABCD: Any Body Can Dance,61.03,44.31,57.68,3.35,20,Hit
317,Dostana,81.68,44.15,59.6,22.08,40,Average
318,Double Dhamaal,71,44.1,59.54,11.46,30,Hit
319,Kaho Naa... Pyaar Hai,78.93,44.1,73.12,5.81,10,Blockbuster
320,Tumbbad,52.25,44.05,52.25,0,1,Hit
321,Heroine,70.6,43.22,58.35,12.25,35,Average
322,Ek Villain Returns,60,43.21,51,9,72,None
323,Raja Hindustani,76.38,43.2,60.48,15.9,6,All Time Blockbuster
324,Agent Vinod,71.57,43.14,56.89,14.68,55,Flop
325,Shaandaar,73.3,43.1,59.95,13.35,69,Flop
326,I Hate Luv Storys,72.95,42.97,58.01,14.94,24,Hit
327,Romeo Akbar Walter,58,42.85,50.5,7.5,35,Above Average
328,Shubh Mangal Saavdhan,64.06,42.79,59.4,4.66,25,Hit
329,Madras Cafe,66.71,42.47,57.33,9.38,34,Average
330,Desi Boyz,80,42.41,57.25,22.75,54,Flop
331,Veer-Zaara,97,42.4,60,37,22,SuperHit
332,Sanam Teri Kasam,54.2,42.28,51.4,2.8,18,Flop
333,Jannat 2,62.5,42.25,57.05,5.45,23,Hit
334,Vicky Vidya Ka Woh Wala Video,58.21,42.09,49.71,8.5,1,None
335,Mohabbatein,76.91,41.88,56.71,20.2,19,Blockbuster
336,Devdas,90.63,41.67,56.25,34.38,30,Hit
337,All The Best: Fun Begins,58.05,41.41,53.1,4.95,40,Average
338,Kaminey,70.4,41.3,55.75,14.65,33,Above Average
339,Chashme Baddoor,59.07,41.27,55.71,3.36,22,Hit
340,Pagalpanti,51,41.2,47,4,60,Flop
341,Atithi Tum Kab Jaoge?,57,41.11,55.51,1.49,20,Hit
342,Wazir,78.6,41.05,55.42,23.18,35,Average
343,Batti Gul Meter Chalu,58.4,40.88,52.4,6,55,Flop
344,Phir Hera Pheri,69.13,40.82,55.11,14.02,18,SuperHit
345,Jurassic World Rebirth,7260.95,40.54,122.95,4350,1,Hit
346,Matru Ki Bijlee Ka Mandola,62.56,40.5,54.68,7.88,43,Flop
347,Anjaana Anjaani,68.5,40.26,54.35,14.15,38,Average
348,Bhagam Bhag,67.83,40.25,54.47,13.36,32,Hit
349,Yaariyan,54.7,40.01,54.02,0.68,16,Hit
350,Shamshera,60.75,39.94,47.75,13,150,Disaster
351,Aarakshan,64.4,39.8,53.73,10.67,45,Flop
352,Love Aaj Kal,56.9,39.76,46.9,10,60,Flop
353,Antim: The Final Truth,58.5,39.57,46.8,11.7,35,None
354,Baby John,61,39.5,47.3,13.7,1,None
355,Ek Main Aur Ekk Tu,73.4,39.47,53.28,20.12,32,Average
356,Khel Khel Mein,57.05,39.34,47.05,10,1,None
357,Border,55.5,39.3,53.1,2.4,10,All Time Blockbuster
358,Bhoothnath Returns,58.32,39.15,52.99,5.33,32,Average
359,Tevar,56.6,39.07,52.74,3.86,45,Flop
360,Hum Saath-Saath Hain: We Stand United,80.58,39.03,65.2,15.38,17,Blockbuster
361,The Diplomat,51.46,38.97,45.96,5.5,1,None
362,Kal Ho Naa Ho,82.05,38.85,52.45,29.6,28,Hit
363,Khatta Meetha,62.8,38.67,52.2,10.6,35,Average
364,Blue,63.9,38.66,52.06,11.84,75,Flop
365,Cirkus,60.6,38.64,45.6,15,70,Flop
366,A Flying Jatt,56.15,38.57,52.07,4.08,45,Flop
367,Ta Ra Rum Pum,68.61,38.24,51.66,16.95,28,Above Average
368,Hasee Toh Phasee,63.4,37.36,51.9,11.5,25,Average
369,Main Hoon Na,70.4,37.3,50.36,20.04,25,Hit
370,MOM,178.54,37.28,51.8,126.74,35,Average
371,Namastey London,71.02,37.27,51.78,19.24,21,SuperHit
372,Shaadi Ke Side Effects,69.7,37.24,50.27,19.43,41,Flop
373,Coolie,517.07,37.23,337.37,179.7,1,None
374,Madgaon Express,46.9,36.81,43.4,3.5,1,None
375,Naam Shabana,55,36.78,48,7,25,Above Average
376,Tanu Weds Manu,53.6,36.62,49.44,4.16,20,Hit
377,Bachna Ae Haseeno,62,36.57,47,15,23,Hit
378,Phata Poster Nikla Hero,63.14,36.37,49.1,14.04,40,Flop
379,Thank God,48.99,36.35,42.49,6.5,70,Flop
380,Mr. & Mrs. Mahi,51.95,36.34,42.45,9.5,1,None
381,Maa,49.96,36.27,43.46,6.5,1,None
382,Fukrey,50.7,36.25,48.94,1.76,17,Hit
383,Mastizaade,51,36.16,48.74,2.26,30,Average
384,Bunty Aur Babli,62.93,36.11,50.51,12.42,12,SuperHit
385,Tumhari Sulu,50.76,36.09,46.27,4.49,17,Hit
386,Bullett Raja,53.6,36.05,48.67,4.93,51,Flop
387,Ramaiya Vastavaiya,50,36,48.6,1.4,38,Flop
388,Ghayal Once Again,57.6,35.74,48.25,9.35,50,Flop
389,Yodha,53.68,35.74,42.18,11.5,1,None
390,Force 2,58.7,35.7,48.2,10.5,40,Flop
391,Mardaani,59.3,35.65,48.11,11.19,20,Hit
392,Finding Fanny,63.54,35.61,48.07,15.47,25,Average
393,Runway 34,50.7,35.49,41.7,9,60,Flop
394,Vicky Donor,54.66,35.32,47.68,6.98,10,Hit
395,Badmaash Company,50.96,34.98,47.22,3.74,20,Above Average
396,Chhapaak,55.5,34.93,40.5,15,50,Flop
397,Dil To Pagal Hai,58.61,34.89,47.24,11.37,9,Blockbuster
398,Godzilla x Kong: The New Empire,4566.06,34.7,134.41,2990,1,None
399,The Sabarmati Report,41.07,34.58,41.07,0,1,None
400,English Vinglish,83.6,34.52,46.6,37,20,Hit
401,Judgementall Hai Kya,49.5,34.45,41.1,8.4,35,Average
402,Hamari Adhuri Kahani,51.9,34.43,46.14,5.76,38,Below Average
403,Deva,56.32,34.37,40.82,15.5,1,None
404,Lagaan: Once Upon a Time in India,58.05,34.35,46.39,11.66,25,Hit
405,Bareilly Ki Barfi,58.62,34.27,47.86,10.76,20,Hit
406,Mission Raniganj,46,34.17,40.4,5.6,1,None
407,Sarkar Raj,57.95,34.05,45.97,11.98,25,Average
408,Yamla Pagla Deewana 2,48.4,33.97,45.86,2.54,30,Average
409,Mission Impossible – Dead Reckoning Part One,4725,33.89,131.25,3290,1,SuperHit
410,Panipat,49,33.87,40,9,80,Disaster
411,The Conjuring: Last Rites,3140,33.61,96.5,1940,1,None
412,Hero,49,33.47,45.19,3.81,32,Average
413,Bell Bottom,53.7,33.31,39.4,14.3,180,Flop
414,Azhar,50.1,33.16,44.64,5.46,38,Flop
415,Kill Dil,58.6,33.12,44.71,13.89,40,Flop
416,Dhamaal,51.3,33.06,45.6,5.7,17,Hit
417,Kahaani 2,55.9,33.03,44.6,11.3,25,Average
418,Ladies vs Ricky Bahl,49.4,32.97,44.5,4.9,20,Average
419,Game Changer,186.28,32.93,156.03,30.25,1,Disaster
420,Uunchai,48.32,32.9,38.82,9.5,45,Hit
421,Munna Michael,48.28,32.88,45.68,2.6,41,Flop
422,Ghanchakkar,47,32.85,44.34,2.66,29,Below Average
423,Jai Gangaajal,49.6,32.77,44.24,5.36,33,Below Average
424,Rascals,49.1,32.6,44.01,5.09,45,Flop
425,Jolly LLB 3,49,32.5,39,10,1,None
426,Jolly LLB,46,32.43,43.78,2.22,12,Hit
427,NH10,43.9,32.18,43.44,0.46,15,Hit
428,Soorma,47,32.04,41,6,32,Above Average
429,Commando 3,9.8,32.04,7.8,2,40,Above Average
430,Shehzada,47.8,32.02,37.8,10,65,Flop
431,Jigra,56.93,31.77,38.43,18.5,1,None
432,Dhoom,50.5,31.45,46.5,4,11,SuperHit
433,Karthikeya 2,117.87,31.35,102.37,15.5,15,Blockbuster
434,Thor: Love And Thunder,6295,31.33,125.75,3455,1900,Hit
435,Baar Baar Dekho,62.6,31.24,42.17,20.43,53,Flop
436,Vivah,48.61,31.2,43.68,4.93,8,Blockbuster
437,Patiala House,55,31.17,42.05,12.95,30,Flop
438,Bhoot Part One,39.5,31.1,36.5,3,50,Flop
439,Doctor Strange In The Multiverse Of Madness,8000,30.98,158.7,4500,1500,Hit
440,Jab We Met,48.87,30.85,41.65,7.22,15,Hit
441,Highway,52.44,30.65,41.37,11.07,25,Hit
442,Thappad,43,30.53,36,7,22,Average
443,Talvar,47.2,30.49,41.16,6.04,15,Hit
444,Delhi-6,50.11,30.43,39.55,10.56,40,Flop
445,Raaz Reboot,43,30.31,40.91,2.09,31,Flop
446,Peepli Live,47.78,30.27,40.86,6.92,12,Hit
447,Paa,46.91,30.25,40.84,6.07,18,Hit
448,Jism 2,42.59,30.23,40.81,1.78,11,Hit
449,Ittefaq,51.47,30.21,38.73,12.74,20,Average
450,Dum Laga Ke Haisha,42.79,30.01,40.51,2.28,12,Hit
451,Jannat,40.39,29.93,40.39,0,10,SuperHit
452,Mission: Impossible - The Final Reckoning,4825.59,29.71,123.59,3225,1,Hit
453,Golmaal: Fun Unlimited,46.7,29.54,39.88,6.82,11,SuperHit
454,Mausam,52.29,29.53,39.87,12.42,45,Flop
455,Shootout at Lokhandwala,44.76,29.5,39.83,4.93,17,Above Average
456,Tashan,51.6,29.44,39.61,11.99,31,Average
457,Chandni Chowk to China,53.45,29.42,37.78,15.67,65,Disaster
458,Mujhse Shaadi Karogi,55.97,29.24,39.47,16.5,19,Hit
459,Guzaarish,53.85,29.1,39.29,14.56,55,Disaster
460,Action Replayy,48,29.06,39.23,8.77,55,Flop
461,Garam Masala,54.66,29.02,39.15,15.51,17,Hit
462,Lootera,46.3,29,39.15,7.15,30,Flop
463,Dil Toh Baccha Hai Ji,40.8,28.92,39.04,1.76,27,Below Average
464,Ferrari Ki Sawaari,44.61,28.92,37.69,6.92,15,Hit
465,Happy Bhaag Jayegi,46.5,28.82,40,6.5,20,Hit
466,Akira,43.9,28.76,38.83,5.07,30,Flop
467,Pari,39,28.7,36.67,2.33,30,Above Average
468,Players,47.2,28.67,38.7,8.5,55,Disaster
469,London Dreams,45.34,28.62,38.64,6.7,45,Flop
470,PM Narendra Modi,35.2,28.51,33.7,1.5,20,Above Average
471,Ishqiya,39.84,28.32,38.23,1.61,18,Hit
472,Baazaar,40,28.26,36,4,35,Below Average
473,Kyaa Kool Hain Hum 3,38,28.01,36.73,1.27,25,Average
474,Doctor G,44.01,27.98,33.01,11,25,None
475,No Problem,44.2,27.92,37.56,6.64,35,Flop
476,Manmarziyaan,41.5,27.8,35.5,6,30,Flop
477,Wake Up Sid,47,27.74,36,11,18,Hit
478,No One Killed Jessica,43.9,27.66,37.34,6.56,15,Hit
479,Mangal Pandey: The Rising,51.13,27.66,37.34,13.79,34,Flop
480,Sanam Re,39,27.65,37.33,1.67,25,Average
481,Panga,40,27.34,32,8,49,Flop
482,Dedh Ishqiya,43.73,27.24,36.77,6.96,35,Flop
483,Sarbjit,41.5,27.21,36.74,4.76,30,Flop
484,Leo,605.9,27.17,401.9,204,250,Blockbuster
485,Force,40.28,27.16,36.66,3.62,28,Flop
486,Jawaani Jaaneman,42,27.15,32.5,9.5,40,None
487,Jhoom Barabar Jhoom,48.1,27.05,36.52,11.58,25,Below Average
488,Hate Story 2,36.4,26.96,36.4,0,15,Above Average
489,Detective Byomkesh Bakshy,43.9,26.83,36.22,7.68,35,Flop
490,Tadap,33,26.81,30.9,2.1,20,None
491,Malamaal Weekly,41.7,26.7,36.05,5.65,6,SuperHit
492,Raja Natwarlal,44.27,26.6,35.91,8.36,45,Disaster
493,Singh Saab The Great,38,26.44,35.69,2.31,35,Flop
494,Ek Paheli Leela,36,26.35,35.57,0.43,20,Average
495,Fashion,38.74,26.25,35.44,3.3,18,Above Average
496,The Hero: Love Story of a Spy,44.08,26.05,40.43,3.65,33,Below Average
497,Salaam Namaste,55.98,26.01,35.11,20.87,10,Hit
498,Khakee,45,25.84,34.81,10.19,26,Average
499,Karan Arjun,43.1,25.75,41.5,1.6,6,Blockbuster
500,Karthik Calling Karthik,38.47,25.68,34.67,3.8,20,Below Average
501,Raabta,39.08,25.67,35.65,3.43,45,Flop